Ticker,Company
A,"Agilent Technologies, Inc."
AAL,American Airlines Group Inc.
AAP,"Advance Auto Parts, Inc."
AAPL,Apple Inc.
ABBV,AbbVie Inc.
ABC,AmerisourceBergen Corporation
ABT,Abbott Laboratories
ACN,Accenture plc
ADBE,Adobe Inc.
ADI,"Analog Devices, Inc."
ADM,Archer-Daniels-Midland Company
ADP,"Automatic Data Processing, Inc."
ADSK,"Autodesk, Inc."
AEE,Ameren Corporation
AEP,"American Electric Power Company, Inc."
AES,The AES Corporation
AFL,Aflac Incorporated
AIG,"American International Group, Inc."
AIZ,"Assurant, Inc."
AJG,Arthur J. Gallagher & Co.
AKAM,"Akamai Technologies, Inc."
ALB,Albemarle Corporation
ALGN,"Align Technology, Inc."
ALK,"Alaska Air Group, Inc."
ALL,The Allstate Corporation
ALLE,Allegion plc
AMAT,"Applied Materials, Inc."
AMCR,Amcor plc
AMD,"Advanced Micro Devices, Inc."
AME,"AMETEK, Inc."
AMGN,Amgen Inc.
AMP,"Ameriprise Financial, Inc."
AMT,American Tower Corporation
AMZN,"Amazon.com, Inc."
ANET,"Arista Networks, Inc."
ANSS,"ANSYS, Inc."
AON,Aon plc
AOS,A. O. Smith Corporation
APA,APA Corporation
APD,"Air Products and Chemicals, Inc."
APH,Amphenol Corporation
APTV,Aptiv PLC
ARE,"Alexandria Real Estate Equities, Inc."
ATO,Atmos Energy Corporation
ATVI,"Activision Blizzard, Inc."
AVB,"AvalonBay Communities, Inc."
AVGO,Broadcom Inc.
AVY,Avery Dennison Corporation
AWK,"American Water Works Company, Inc."
AXP,American Express Company
AZO,"AutoZone, Inc."
BA,The Boeing Company
BAC,Bank of America Corporation
BAX,Baxter International Inc.
BBY,"Best Buy Co., Inc."
BDX,"Becton, Dickinson and Company"
BEN,"Franklin Resources, Inc."
BIIB,Biogen Inc.
BIO,"Bio-Rad Laboratories, Inc."
BK,The Bank of New York Mellon Corporation
BKNG,Booking Holdings Inc.
BKR,Baker Hughes Company
BLK,"BlackRock, Inc."
BMY,Bristol-Myers Squibb Company
BR,"Broadridge Financial Solutions, Inc."
BRO,"Brown & Brown, Inc."
BSX,Boston Scientific Corporation
BWA,BorgWarner Inc.
BXP,"Boston Properties, Inc."
C,Citigroup Inc.
CAG,"Conagra Brands, Inc."
CAH,"Cardinal Health, Inc."
CARR,Carrier Global Corporation
CAT,Caterpillar Inc.
CB,Chubb Limited
CBOE,"Cboe Global Markets, Inc."
CBRE,"CBRE Group, Inc."
CCI,Crown Castle Inc.
CCL,Carnival Corporation & plc
CDAY,Ceridian HCM Holding Inc.
CDNS,"Cadence Design Systems, Inc."
CDW,CDW Corporation
CE,Celanese Corporation
CF,"CF Industries Holdings, Inc."
CFG,"Citizens Financial Group, Inc."
CHD,"Church & Dwight Co., Inc."
CHRW,"C.H. Robinson Worldwide, Inc."
CHTR,"Charter Communications, Inc."
CI,The Cigna Group
CINF,Cincinnati Financial Corporation
CL,Colgate-Palmolive Company
CLX,The Clorox Company
CMA,Comerica Incorporated
CMCSA,Comcast Corporation
CME,CME Group Inc.
CMG,"Chipotle Mexican Grill, Inc."
CMI,Cummins Inc.
CMS,CMS Energy Corporation
CNC,Centene Corporation
CNP,"CenterPoint Energy, Inc."
COF,Capital One Financial Corporation
COO,"The Cooper Companies, Inc."
COP,ConocoPhillips
COST,Costco Wholesale Corporation
CPB,Campbell Soup Company
CPRT,"Copart, Inc."
CRL,"Charles River Laboratories International, Inc."
CRM,"Salesforce, Inc."
CSCO,"Cisco Systems, Inc."
CSX,CSX Corporation
CTAS,Cintas Corporation
CTLT,"Catalent, Inc."
CTSH,Cognizant Technology Solutions Corporation
CTVA,"Corteva, Inc."
CVS,CVS Health Corporation
CVX,Chevron Corporation
CZR,"Caesars Entertainment, Inc."
D,"Dominion Energy, Inc."
DAL,"Delta Air Lines, Inc."
DD,"DuPont de Nemours, Inc."
DE,Deere & Company
DFS,Discover Financial Services
DG,Dollar General Corporation
DGX,Quest Diagnostics Incorporated
DHI,"D.R. Horton, Inc."
DHR,Danaher Corporation
DIS,The Walt Disney Company
DISH,DISH Network Corporation
DLR,"Digital Realty Trust, Inc."
DLTR,"Dollar Tree, Inc."
DOV,Dover Corporation
DOW,Dow Inc.
DPZ,"Domino's Pizza, Inc."
DRI,"Darden Restaurants, Inc."
DTE,DTE Energy Company
DUK,Duke Energy Corporation
DVA,DaVita Inc.
DVN,Devon Energy Corporation
DXC,DXC Technology Company
DXCM,"DexCom, Inc."
EA,Electronic Arts Inc.
EBAY,eBay Inc.
ECL,Ecolab Inc.
ED,"Consolidated Edison, Inc."
EFX,Equifax Inc.
EIX,Edison International
EL,The Est√©e Lauder Companies Inc.
EMN,Eastman Chemical Company
EMR,Emerson Electric Co.
ENPH,"Enphase Energy, Inc."
EOG,"EOG Resources, Inc."
EQIX,"Equinix, Inc."
EQR,Equity Residential
ES,Eversource Energy
ESS,"Essex Property Trust, Inc."
ETN,Eaton Corporation plc
ETR,Entergy Corporation
ETSY,"Etsy, Inc."
EVRG,"Evergy, Inc."
EW,Edwards Lifesciences Corporation
EXC,Exelon Corporation
EXPD,"Expeditors International of Washington, Inc."
EXPE,"Expedia Group, Inc."
EXR,Extra Space Storage Inc.
F,Ford Motor Company
FAST,Fastenal Company
FCX,Freeport-McMoRan Inc.
FDX,FedEx Corporation
FE,FirstEnergy Corp.
FFIV,"F5, Inc."
FIS,"Fidelity National Information Services, Inc."
FISV,"Fiserv, Inc."
FITB,Fifth Third Bancorp
FLT,"FLEETCOR Technologies, Inc."
FMC,FMC Corporation
FOXA,Fox Corporation
FRC,First Republic Bank
FRT,Federal Realty Investment Trust
FTNT,"Fortinet, Inc."
FTV,Fortive Corporation
GD,General Dynamics Corporation
GE,General Electric Company
GILD,"Gilead Sciences, Inc."
GIS,"General Mills, Inc."
GL,Globe Life Inc.
GLW,Corning Incorporated
GM,General Motors Company
GNRC,Generac Holdings Inc.
GOOG,Alphabet Inc.
GOOGL,Alphabet Inc.
GPC,Genuine Parts Company
GS,"The Goldman Sachs Group, Inc."
GWW,"W.W. Grainger, Inc."
HAL,Halliburton Company
HAS,"Hasbro, Inc."
HBAN,Huntington Bancshares Incorporated
HCA,"HCA Healthcare, Inc."
HD,"The Home Depot, Inc."
HES,Hess Corporation
HIG,"The Hartford Financial Services Group, Inc."
HII,"Huntington Ingalls Industries, Inc."
HLT,Hilton Worldwide Holdings Inc.
HOLX,"Hologic, Inc."
HON,Honeywell International Inc.
HPE,Hewlett Packard Enterprise Company
HPQ,HP Inc.
HRL,Hormel Foods Corporation
HSIC,"Henry Schein, Inc."
HSY,The Hershey Company
HUM,Humana Inc.
HWM,Howmet Aerospace Inc.
IBM,International Business Machines Corporation
ICE,"Intercontinental Exchange, Inc."
IDXX,"IDEXX Laboratories, Inc."
IEX,IDEX Corporation
IFF,International Flavors & Fragrances Inc.
ILMN,"Illumina, Inc."
INCY,Incyte Corporation
INTC,Intel Corporation
INTU,Intuit Inc.
IP,International Paper Company
IPG,"The Interpublic Group of Companies, Inc."
IQV,IQVIA Holdings Inc.
IR,Ingersoll Rand Inc.
IRM,Iron Mountain Incorporated
ISRG,"Intuitive Surgical, Inc."
IT,"Gartner, Inc."
ITW,Illinois Tool Works Inc.
IVZ,Invesco Ltd.
J,Jacobs Solutions Inc.
JBHT,"J.B. Hunt Transport Services, Inc."
JCI,Johnson Controls International plc
JKHY,"Jack Henry & Associates, Inc."
JNJ,Johnson & Johnson
JNPR,"Juniper Networks, Inc."
JPM,JPMorgan Chase & Co.
K,Kellogg Company
KEY,KeyCorp
KEYS,"Keysight Technologies, Inc."
KHC,The Kraft Heinz Company
KIM,Kimco Realty Corporation
KLAC,KLA Corporation
KMB,Kimberly-Clark Corporation
KMI,"Kinder Morgan, Inc."
KMX,"CarMax, Inc."
KO,The Coca-Cola Company
KR,The Kroger Co.
L,Loews Corporation
LDOS,"Leidos Holdings, Inc."
LEN,Lennar Corporation
LH,Laboratory Corporation of America Holdings
LHX,"L3Harris Technologies, Inc."
LIN,Linde plc
LKQ,LKQ Corporation
LLY,Eli Lilly and Company
LMT,Lockheed Martin Corporation
LNC,Lincoln National Corporation
LNT,Alliant Energy Corporation
LOW,"Lowe's Companies, Inc."
LRCX,Lam Research Corporation
LUV,Southwest Airlines Co.
LVS,Las Vegas Sands Corp.
LW,"Lamb Weston Holdings, Inc."
LYB,LyondellBasell Industries N.V.
LYV,"Live Nation Entertainment, Inc."
MA,Mastercard Incorporated
MAA,"Mid-America Apartment Communities, Inc."
MAR,"Marriott International, Inc."
MAS,Masco Corporation
MCD,McDonald's Corporation
MCHP,Microchip Technology Incorporated
MCK,McKesson Corporation
MCO,Moody's Corporation
MDLZ,"Mondelez International, Inc."
MDT,Medtronic plc
MET,"MetLife, Inc."
MGM,MGM Resorts International
MHK,"Mohawk Industries, Inc."
MKTX,MarketAxess Holdings Inc.
MLM,"Martin Marietta Materials, Inc."
MMC,"Marsh & McLennan Companies, Inc."
MMM,3M Company
MNST,Monster Beverage Corporation
MO,"Altria Group, Inc."
MOS,The Mosaic Company
MPC,Marathon Petroleum Corporation
MPWR,"Monolithic Power Systems, Inc."
MRK,"Merck & Co., Inc."
MRNA,"Moderna, Inc."
MRO,Marathon Oil Corporation
MS,Morgan Stanley
MSCI,MSCI Inc.
MSFT,Microsoft Corporation
MSI,"Motorola Solutions, Inc."
MTB,M&T Bank Corporation
MTCH,"Match Group, Inc."
MTD,Mettler-Toledo International Inc.
MU,"Micron Technology, Inc."
NCLH,Norwegian Cruise Line Holdings Ltd.
NDAQ,"Nasdaq, Inc."
NEE,"NextEra Energy, Inc."
NEM,Newmont Corporation
NFLX,"Netflix, Inc."
NI,NiSource Inc.
NKE,"NIKE, Inc."
NOC,Northrop Grumman Corporation
NOW,"ServiceNow, Inc."
NRG,"NRG Energy, Inc."
NSC,Norfolk Southern Corporation
NTAP,"NetApp, Inc."
NTRS,Northern Trust Corporation
NUE,Nucor Corporation
NVDA,NVIDIA Corporation
NVR,"NVR, Inc."
NWL,Newell Brands Inc.
NWS,News Corporation
NWSA,News Corporation
NXPI,NXP Semiconductors N.V.
O,Realty Income Corporation
ODFL,"Old Dominion Freight Line, Inc."
OKE,"ONEOK, Inc."
OMC,Omnicom Group Inc.
ORCL,Oracle Corporation
ORLY,"O'Reilly Automotive, Inc."
OTIS,Otis Worldwide Corporation
OXY,Occidental Petroleum Corporation
PAYC,"Paycom Software, Inc."
PAYX,"Paychex, Inc."
PCAR,PACCAR Inc
PEAK,"Healthpeak Properties, Inc."
PEG,Public Service Enterprise Group Incorporated
PEP,"PepsiCo, Inc."
PFE,Pfizer Inc.
PFG,"Principal Financial Group, Inc."
PG,The Procter & Gamble Company
PGR,The Progressive Corporation
PH,Parker-Hannifin Corporation
PHM,"PulteGroup, Inc."
PKG,Packaging Corporation of America
PKI,"PerkinElmer, Inc."
PLD,"Prologis, Inc."
PM,Philip Morris International Inc.
PNC,"The PNC Financial Services Group, Inc."
PNR,Pentair plc
PNW,Pinnacle West Capital Corporation
POOL,Pool Corporation
PPG,"PPG Industries, Inc."
PPL,PPL Corporation
PRU,"Prudential Financial, Inc."
PSA,Public Storage
PSX,Phillips 66
PTC,PTC Inc.
PWR,"Quanta Services, Inc."
PXD,Pioneer Natural Resources Company
PYPL,"PayPal Holdings, Inc."
QCOM,QUALCOMM Incorporated
QRVO,"Qorvo, Inc."
RCL,Royal Caribbean Cruises Ltd.
RE,"Everest Re Group, Ltd."
REG,Regency Centers Corporation
REGN,"Regeneron Pharmaceuticals, Inc."
RF,Regions Financial Corporation
RHI,Robert Half International Inc.
RJF,"Raymond James Financial, Inc."
RL,Ralph Lauren Corporation
RMD,ResMed Inc.
ROK,"Rockwell Automation, Inc."
ROL,"Rollins, Inc."
ROP,"Roper Technologies, Inc."
ROST,"Ross Stores, Inc."
RSG,"Republic Services, Inc."
RTX,Raytheon Technologies Corporation
SBAC,SBA Communications Corporation
SBUX,Starbucks Corporation
SCHW,The Charles Schwab Corporation
SEE,Sealed Air Corporation
SHW,The Sherwin-Williams Company
SJM,The J. M. Smucker Company
SLB,Schlumberger Limited
SNA,Snap-on Incorporated
SNPS,"Synopsys, Inc."
SO,The Southern Company
SPG,"Simon Property Group, Inc."
SPGI,S&P Global Inc.
SRE,Sempra Energy
STE,STERIS plc
STT,State Street Corporation
STX,Seagate Technology Holdings plc
STZ,"Constellation Brands, Inc."
SWK,"Stanley Black & Decker, Inc."
SWKS,"Skyworks Solutions, Inc."
SYF,Synchrony Financial
SYK,Stryker Corporation
SYY,Sysco Corporation
T,AT&T Inc.
TAP,Molson Coors Beverage Company
TDG,TransDigm Group Incorporated
TDY,Teledyne Technologies Incorporated
TECH,Bio-Techne Corporation
TEL,TE Connectivity Ltd.
TER,"Teradyne, Inc."
TFC,Truist Financial Corporation
TFX,Teleflex Incorporated
TGT,Target Corporation
TJX,"The TJX Companies, Inc."
TMO,Thermo Fisher Scientific Inc.
TMUS,"T-Mobile US, Inc."
TPR,"Tapestry, Inc."
TRMB,Trimble Inc.
TROW,"T. Rowe Price Group, Inc."
TRV,"The Travelers Companies, Inc."
TSCO,Tractor Supply Company
TSLA,"Tesla, Inc."
TSN,"Tyson Foods, Inc."
TT,Trane Technologies plc
TTWO,"Take-Two Interactive Software, Inc."
TXN,Texas Instruments Incorporated
TXT,Textron Inc.
TYL,"Tyler Technologies, Inc."
UAL,"United Airlines Holdings, Inc."
UDR,"UDR, Inc."
UHS,"Universal Health Services, Inc."
ULTA,"Ulta Beauty, Inc."
UNH,UnitedHealth Group Incorporated
UNP,Union Pacific Corporation
UPS,"United Parcel Service, Inc."
URI,"United Rentals, Inc."
USB,U.S. Bancorp
V,Visa Inc.
VFC,V.F. Corporation
VLO,Valero Energy Corporation
VMC,Vulcan Materials Company
VRSK,"Verisk Analytics, Inc."
VRSN,"VeriSign, Inc."
VRTX,Vertex Pharmaceuticals Incorporated
VTR,"Ventas, Inc."
VTRS,Viatris Inc.
VZ,Verizon Communications Inc.
WAB,Westinghouse Air Brake Technologies Corporation
WAT,Waters Corporation
WBA,"Walgreens Boots Alliance, Inc."
WDC,Western Digital Corporation
WEC,"WEC Energy Group, Inc."
WELL,Welltower Inc.
WFC,Wells Fargo & Company
WHR,Whirlpool Corporation
WM,"Waste Management, Inc."
WMB,"The Williams Companies, Inc."
WMT,Walmart Inc.
WRB,W. R. Berkley Corporation
WRK,WestRock Company
WST,"West Pharmaceutical Services, Inc."
WY,Weyerhaeuser Company
WYNN,"Wynn Resorts, Limited"
XEL,Xcel Energy Inc.
XOM,Exxon Mobil Corporation
XRAY,DENTSPLY SIRONA Inc.
XYL,Xylem Inc.
YUM,"Yum! Brands, Inc."
ZBH,"Zimmer Biomet Holdings, Inc."
ZBRA,Zebra Technologies Corporation
ZION,"Zions Bancorporation, National Association"
ZTS,Zoetis Inc.
